"year","team","player","round","KI","MK","HB","FA","FF","TK","GL","HO","BH","pctP"
"2013","padelaide","Blee, Nathan","1","","","","","","","","","",""
"2013","padelaide","Blee, Nathan","2","","","","","","","","","",""
"2013","padelaide","Blee, Nathan","3","","","","","","","","","",""
"2013","padelaide","Blee, Nathan","4","","","","","","","","","",""
"2013","padelaide","Blee, Nathan","5","","","","","","","","","",""
"2013","padelaide","Blee, Nathan","6","","","","","","","","","",""
"2013","padelaide","Blee, Nathan","7","","","","","","","","","",""
"2013","padelaide","Blee, Nathan","8","","","","","","","","","",""
"2013","padelaide","Blee, Nathan","9","","","","","","","","","",""
"2013","padelaide","Blee, Nathan","10","","","","","","","","","",""
"2013","padelaide","Blee, Nathan","12","","","","","","","","","",""
"2013","padelaide","Blee, Nathan","13","","","","","","","","","",""
"2013","padelaide","Blee, Nathan","14","","","","","","","","","",""
"2013","padelaide","Blee, Nathan","15","","","","","","","","","",""
"2013","padelaide","Blee, Nathan","16","","","","","","","","","",""
"2013","padelaide","Blee, Nathan","17","","","","","","","","","",""
"2013","padelaide","Blee, Nathan","18","","","","","","","","","",""
"2013","padelaide","Blee, Nathan","19","","","","","","","","","",""
"2013","padelaide","Blee, Nathan","20","9","4","9","2","1","5","-","-","-","91"
"2013","padelaide","Blee, Nathan","21","3","3","8","1","-","-","-","-","-","80"
"2013","padelaide","Blee, Nathan","22","","","","","","","","","",""
"2013","padelaide","Blee, Nathan","23","","","","","","","","","",""
"2013","padelaide","Blee, Nathan","EF","","","","","","","","","",""
"2013","padelaide","Blee, Nathan","SF","","","","","","","","","",""
"2013","padelaide","Boak, Travis","1","19","3","7","2","3","6","-","-","1","83"
"2013","padelaide","Boak, Travis","2","17","7","10","2","4","5","1","-","-","85"
"2013","padelaide","Boak, Travis","3","18","4","12","2","1","2","3","-","1","79"
"2013","padelaide","Boak, Travis","4","20","10","10","-","2","1","-","-","-","84"
"2013","padelaide","Boak, Travis","5","11","4","9","-","-","4","2","-","-","80"
"2013","padelaide","Boak, Travis","6","19","4","11","3","2","5","-","-","-","82"
"2013","padelaide","Boak, Travis","7","14","1","10","-","3","7","-","-","-","75"
"2013","padelaide","Boak, Travis","8","12","2","6","-","1","3","1","-","1","83"
"2013","padelaide","Boak, Travis","9","11","6","17","1","1","6","-","-","2","81"
"2013","padelaide","Boak, Travis","10","8","1","6","1","1","6","1","-","1","81"
"2013","padelaide","Boak, Travis","12","18","8","11","1","-","1","3","-","-","82"
"2013","padelaide","Boak, Travis","13","","","","","","","","","",""
"2013","padelaide","Boak, Travis","14","18","3","11","1","-","5","1","-","-","78"
"2013","padelaide","Boak, Travis","15","11","6","12","-","1","5","-","-","2","82"
"2013","padelaide","Boak, Travis","16","13","2","21","-","-","4","1","-","-","83"
"2013","padelaide","Boak, Travis","17","4","-","14","-","1","3","-","-","-","78"
"2013","padelaide","Boak, Travis","18","14","5","13","-","1","6","-","-","1","76"
"2013","padelaide","Boak, Travis","19","13","3","16","2","-","3","-","-","-","78"
"2013","padelaide","Boak, Travis","20","15","9","15","-","2","3","1","-","1","79"
"2013","padelaide","Boak, Travis","21","19","9","16","-","1","4","3","-","1","77"
"2013","padelaide","Boak, Travis","22","8","-","10","-","1","5","-","1","-","81"
"2013","padelaide","Boak, Travis","23","15","4","7","-","1","4","1","-","-","72"
"2013","padelaide","Boak, Travis","EF","9","3","5","-","1","3","2","-","1","77"
"2013","padelaide","Boak, Travis","SF","9","5","17","1","1","5","-","-","1","80"
"2013","padelaide","Broadbent, Matthew","1","9","4","5","1","1","2","-","-","-","84"
"2013","padelaide","Broadbent, Matthew","2","12","6","7","-","2","1","2","-","1","84"
"2013","padelaide","Broadbent, Matthew","3","15","4","6","-","1","3","1","-","1","80"
"2013","padelaide","Broadbent, Matthew","4","9","3","10","-","-","6","-","-","-","83"
"2013","padelaide","Broadbent, Matthew","5","11","5","4","-","-","3","1","-","-","77"
"2013","padelaide","Broadbent, Matthew","6","9","2","5","3","-","1","1","1","-","82"
"2013","padelaide","Broadbent, Matthew","7","6","4","10","1","1","3","1","-","1","83"
"2013","padelaide","Broadbent, Matthew","8","9","4","4","1","-","5","-","-","-","83"
"2013","padelaide","Broadbent, Matthew","9","5","-","5","-","-","-","-","-","-","33"
"2013","padelaide","Broadbent, Matthew","10","7","2","5","1","-","6","-","-","-","86"
"2013","padelaide","Broadbent, Matthew","12","11","3","10","-","1","2","-","-","-","89"
"2013","padelaide","Broadbent, Matthew","13","18","10","5","-","-","3","1","-","3","76"
"2013","padelaide","Broadbent, Matthew","14","22","7","12","-","1","1","-","-","2","87"
"2013","padelaide","Broadbent, Matthew","15","12","3","3","-","-","2","-","-","-","85"
"2013","padelaide","Broadbent, Matthew","16","10","2","10","-","1","1","-","-","-","90"
"2013","padelaide","Broadbent, Matthew","17","20","5","5","1","1","1","-","-","-","88"
"2013","padelaide","Broadbent, Matthew","18","17","3","5","-","1","1","-","-","-","87"
"2013","padelaide","Broadbent, Matthew","19","10","3","3","1","-","2","-","-","-","94"
"2013","padelaide","Broadbent, Matthew","20","7","2","5","1","-","1","-","-","-","90"
"2013","padelaide","Broadbent, Matthew","21","20","7","6","-","1","2","-","-","2","90"
"2013","padelaide","Broadbent, Matthew","22","8","5","9","1","-","3","-","-","-","84"
"2013","padelaide","Broadbent, Matthew","23","13","5","8","-","-","4","-","-","1","92"
"2013","padelaide","Broadbent, Matthew","EF","12","2","4","-","1","-","-","-","1","88"
"2013","padelaide","Broadbent, Matthew","SF","13","2","10","1","-","1","1","-","-","84"
"2013","padelaide","Butcher, John","1","","","","","","","","","",""
"2013","padelaide","Butcher, John","2","","","","","","","","","",""
"2013","padelaide","Butcher, John","3","","","","","","","","","",""
"2013","padelaide","Butcher, John","4","","","","","","","","","",""
"2013","padelaide","Butcher, John","5","","","","","","","","","",""
"2013","padelaide","Butcher, John","6","","","","","","","","","",""
"2013","padelaide","Butcher, John","7","","","","","","","","","",""
"2013","padelaide","Butcher, John","8","","","","","","","","","",""
"2013","padelaide","Butcher, John","9","4","4","7","-","1","2","-","-","-","79"
"2013","padelaide","Butcher, John","10","5","2","2","-","-","-","1","-","-","55"
"2013","padelaide","Butcher, John","12","7","3","3","-","1","1","2","-","2","84"
"2013","padelaide","Butcher, John","13","","","","","","","","","",""
"2013","padelaide","Butcher, John","14","","","","","","","","","",""
"2013","padelaide","Butcher, John","15","","","","","","","","","",""
"2013","padelaide","Butcher, John","16","7","6","3","-","1","1","1","-","2","88"
"2013","padelaide","Butcher, John","17","5","4","2","-","1","-","3","-","1","90"
"2013","padelaide","Butcher, John","18","4","2","10","1","1","1","1","-","1","81"
"2013","padelaide","Butcher, John","19","1","-","5","-","-","2","1","-","-","65"
"2013","padelaide","Butcher, John","20","-","-","2","-","-","2","-","-","-","46"
"2013","padelaide","Butcher, John","21","","","","","","","","","",""
"2013","padelaide","Butcher, John","22","","","","","","","","","",""
"2013","padelaide","Butcher, John","23","","","","","","","","","",""
"2013","padelaide","Butcher, John","EF","","","","","","","","","",""
"2013","padelaide","Butcher, John","SF","","","","","","","","","",""
"2013","padelaide","Carlile, Alipate","1","","","","","","","","","",""
"2013","padelaide","Carlile, Alipate","2","10","10","9","-","-","1","-","-","-","90"
"2013","padelaide","Carlile, Alipate","3","8","5","6","-","-","-","-","-","-","96"
"2013","padelaide","Carlile, Alipate","4","16","9","9","1","1","-","-","-","-","98"
"2013","padelaide","Carlile, Alipate","5","5","2","10","1","-","3","-","-","-","94"
"2013","padelaide","Carlile, Alipate","6","3","1","6","2","-","2","-","-","-","100"
"2013","padelaide","Carlile, Alipate","7","3","2","6","-","-","2","-","-","-","100"
"2013","padelaide","Carlile, Alipate","8","9","4","3","3","-","2","1","-","-","95"
"2013","padelaide","Carlile, Alipate","9","10","6","5","1","-","1","-","-","-","95"
"2013","padelaide","Carlile, Alipate","10","6","-","4","3","-","2","-","-","-","97"
"2013","padelaide","Carlile, Alipate","12","8","5","8","2","1","4","-","-","-","94"
"2013","padelaide","Carlile, Alipate","13","5","1","3","-","2","5","-","-","-","89"
"2013","padelaide","Carlile, Alipate","14","9","3","7","2","1","-","-","-","-","96"
"2013","padelaide","Carlile, Alipate","15","8","2","5","-","1","-","-","-","-","96"
"2013","padelaide","Carlile, Alipate","16","5","4","7","-","1","3","-","-","-","93"
"2013","padelaide","Carlile, Alipate","17","3","3","2","1","-","2","-","-","-","96"
"2013","padelaide","Carlile, Alipate","18","5","3","6","-","-","-","-","-","-","99"
"2013","padelaide","Carlile, Alipate","19","7","4","3","-","-","5","-","-","-","96"
"2013","padelaide","Carlile, Alipate","20","2","3","5","2","-","-","-","-","-","92"
"2013","padelaide","Carlile, Alipate","21","12","5","5","-","-","1","-","-","-","92"
"2013","padelaide","Carlile, Alipate","22","-","-","6","1","-","1","-","-","-","88"
"2013","padelaide","Carlile, Alipate","23","","","","","","","","","",""
"2013","padelaide","Carlile, Alipate","EF","8","5","2","-","-","-","-","-","-","96"
"2013","padelaide","Carlile, Alipate","SF","8","4","4","2","-","1","-","-","-","91"
"2013","padelaide","Cassisi, Domenic","1","","","","","","","","","",""
"2013","padelaide","Cassisi, Domenic","2","","","","","","","","","",""
"2013","padelaide","Cassisi, Domenic","3","","","","","","","","","",""
"2013","padelaide","Cassisi, Domenic","4","9","2","9","1","3","9","-","1","-","82"
"2013","padelaide","Cassisi, Domenic","5","9","1","8","-","-","3","-","-","-","80"
"2013","padelaide","Cassisi, Domenic","6","10","7","8","-","-","4","-","-","-","82"
"2013","padelaide","Cassisi, Domenic","7","","","","","","","","","",""
"2013","padelaide","Cassisi, Domenic","8","4","1","6","1","-","2","-","-","-","71"
"2013","padelaide","Cassisi, Domenic","9","","","","","","","","","",""
"2013","padelaide","Cassisi, Domenic","10","","","","","","","","","",""
"2013","padelaide","Cassisi, Domenic","12","","","","","","","","","",""
"2013","padelaide","Cassisi, Domenic","13","8","-","12","-","-","8","-","-","-","81"
"2013","padelaide","Cassisi, Domenic","14","1","-","3","1","-","1","-","-","-","20"
"2013","padelaide","Cassisi, Domenic","15","","","","","","","","","",""
"2013","padelaide","Cassisi, Domenic","16","","","","","","","","","",""
"2013","padelaide","Cassisi, Domenic","17","","","","","","","","","",""
"2013","padelaide","Cassisi, Domenic","18","5","1","7","-","1","3","-","-","-","63"
"2013","padelaide","Cassisi, Domenic","19","4","2","6","-","1","3","-","-","-","85"
"2013","padelaide","Cassisi, Domenic","20","8","2","6","-","1","2","-","-","-","74"
"2013","padelaide","Cassisi, Domenic","21","","","","","","","","","",""
"2013","padelaide","Cassisi, Domenic","22","","","","","","","","","",""
"2013","padelaide","Cassisi, Domenic","23","5","3","13","2","-","3","-","-","-","78"
"2013","padelaide","Cassisi, Domenic","EF","6","2","6","3","2","6","-","1","-","86"
"2013","padelaide","Cassisi, Domenic","SF","10","3","3","-","-","4","-","-","-","84"
"2013","padelaide","Colquhoun, Sam","1","","","","","","","","","",""
"2013","padelaide","Colquhoun, Sam","2","","","","","","","","","",""
"2013","padelaide","Colquhoun, Sam","3","","","","","","","","","",""
"2013","padelaide","Colquhoun, Sam","4","","","","","","","","","",""
"2013","padelaide","Colquhoun, Sam","5","","","","","","","","","",""
"2013","padelaide","Colquhoun, Sam","6","","","","","","","","","",""
"2013","padelaide","Colquhoun, Sam","7","7","2","10","-","1","1","-","-","-","83"
"2013","padelaide","Colquhoun, Sam","8","","","","","","","","","",""
"2013","padelaide","Colquhoun, Sam","9","7","5","8","-","1","-","-","-","-","82"
"2013","padelaide","Colquhoun, Sam","10","","","","","","","","","",""
"2013","padelaide","Colquhoun, Sam","12","","","","","","","","","",""
"2013","padelaide","Colquhoun, Sam","13","","","","","","","","","",""
"2013","padelaide","Colquhoun, Sam","14","","","","","","","","","",""
"2013","padelaide","Colquhoun, Sam","15","","","","","","","","","",""
"2013","padelaide","Colquhoun, Sam","16","","","","","","","","","",""
"2013","padelaide","Colquhoun, Sam","17","4","3","4","1","1","2","-","-","-","81"
"2013","padelaide","Colquhoun, Sam","18","4","2","3","-","-","-","-","-","-","23"
"2013","padelaide","Colquhoun, Sam","19","12","4","4","-","-","-","1","-","-","62"
"2013","padelaide","Colquhoun, Sam","20","14","8","4","-","-","-","1","-","-","78"
"2013","padelaide","Colquhoun, Sam","21","","","","","","","","","",""
"2013","padelaide","Colquhoun, Sam","22","12","6","4","-","1","6","-","-","-","79"
"2013","padelaide","Colquhoun, Sam","23","10","9","10","1","-","-","-","-","-","62"
"2013","padelaide","Colquhoun, Sam","EF","5","2","6","1","-","-","-","-","-","47"
"2013","padelaide","Colquhoun, Sam","SF","7","6","6","-","-","1","-","-","1","62"
"2013","padelaide","Cornes, Kane","1","15","1","14","1","2","9","1","-","2","93"
"2013","padelaide","Cornes, Kane","2","16","4","14","-","4","6","-","-","-","91"
"2013","padelaide","Cornes, Kane","3","22","8","8","1","1","6","-","-","-","96"
"2013","padelaide","Cornes, Kane","4","25","16","10","-","1","3","-","-","-","93"
"2013","padelaide","Cornes, Kane","5","12","8","14","2","-","3","1","-","-","94"
"2013","padelaide","Cornes, Kane","6","12","3","17","1","3","7","-","-","1","93"
"2013","padelaide","Cornes, Kane","7","13","4","16","-","-","4","-","-","-","93"
"2013","padelaide","Cornes, Kane","8","13","5","10","1","-","8","-","-","-","93"
"2013","padelaide","Cornes, Kane","9","12","5","9","1","-","2","-","-","-","93"
"2013","padelaide","Cornes, Kane","10","19","5","9","-","4","5","-","-","-","79"
"2013","padelaide","Cornes, Kane","12","19","6","15","1","-","3","1","-","-","93"
"2013","padelaide","Cornes, Kane","13","10","2","11","1","1","3","-","-","-","90"
"2013","padelaide","Cornes, Kane","14","17","5","14","-","1","6","-","-","-","96"
"2013","padelaide","Cornes, Kane","15","8","3","15","-","-","8","-","-","-","88"
"2013","padelaide","Cornes, Kane","16","10","5","15","1","3","3","1","-","-","93"
"2013","padelaide","Cornes, Kane","17","","","","","","","","","",""
"2013","padelaide","Cornes, Kane","18","13","4","7","2","-","5","-","-","1","90"
"2013","padelaide","Cornes, Kane","19","16","7","15","1","-","2","-","-","-","94"
"2013","padelaide","Cornes, Kane","20","11","5","15","1","1","5","-","-","-","90"
"2013","padelaide","Cornes, Kane","21","15","5","11","-","1","4","1","-","-","95"
"2013","padelaide","Cornes, Kane","22","17","6","12","1","2","2","-","-","-","93"
"2013","padelaide","Cornes, Kane","23","21","12","14","-","-","4","-","-","-","89"
"2013","padelaide","Cornes, Kane","EF","17","5","11","-","-","5","-","-","-","93"
"2013","padelaide","Cornes, Kane","SF","8","3","13","2","2","4","-","-","-","83"
"2013","padelaide","Ebert, Brad","1","24","12","6","3","2","4","-","-","-","91"
"2013","padelaide","Ebert, Brad","2","13","4","12","-","3","8","1","-","1","90"
"2013","padelaide","Ebert, Brad","3","12","4","8","-","-","2","-","-","-","90"
"2013","padelaide","Ebert, Brad","4","15","6","7","-","-","2","-","-","-","88"
"2013","padelaide","Ebert, Brad","5","15","6","7","-","-","2","-","-","1","92"
"2013","padelaide","Ebert, Brad","6","11","5","8","-","-","5","-","-","-","90"
"2013","padelaide","Ebert, Brad","7","8","4","11","1","2","7","-","2","-","85"
"2013","padelaide","Ebert, Brad","8","13","5","6","-","2","6","1","1","-","89"
"2013","padelaide","Ebert, Brad","9","16","4","1","-","1","5","-","-","-","91"
"2013","padelaide","Ebert, Brad","10","14","3","9","-","1","7","1","1","-","91"
"2013","padelaide","Ebert, Brad","12","15","12","15","-","1","1","-","1","1","84"
"2013","padelaide","Ebert, Brad","13","17","2","9","-","1","9","-","2","-","91"
"2013","padelaide","Ebert, Brad","14","22","9","8","2","2","6","1","2","-","87"
"2013","padelaide","Ebert, Brad","15","27","8","9","2","1","4","-","1","-","82"
"2013","padelaide","Ebert, Brad","16","15","6","12","4","-","1","1","1","1","93"
"2013","padelaide","Ebert, Brad","17","15","6","5","-","1","2","-","1","-","84"
"2013","padelaide","Ebert, Brad","18","12","3","6","1","1","6","-","1","-","87"
"2013","padelaide","Ebert, Brad","19","7","2","11","-","3","6","-","-","-","87"
"2013","padelaide","Ebert, Brad","20","10","3","14","2","1","9","1","-","-","86"
"2013","padelaide","Ebert, Brad","21","15","2","14","-","1","7","1","-","-","85"
"2013","padelaide","Ebert, Brad","22","10","6","5","1","-","3","1","-","-","78"
"2013","padelaide","Ebert, Brad","23","17","5","6","1","1","3","4","-","1","87"
"2013","padelaide","Ebert, Brad","EF","18","5","6","2","-","9","-","-","1","84"
"2013","padelaide","Ebert, Brad","SF","13","6","6","1","-","5","1","2","-","89"
"2013","padelaide","Gray, Robbie","1","","","","","","","","","",""
"2013","padelaide","Gray, Robbie","2","","","","","","","","","",""
"2013","padelaide","Gray, Robbie","3","","","","","","","","","",""
"2013","padelaide","Gray, Robbie","4","4","2","3","-","-","2","-","-","-","25"
"2013","padelaide","Gray, Robbie","5","6","2","6","-","1","1","-","-","-","33"
"2013","padelaide","Gray, Robbie","6","12","2","8","2","3","5","1","-","3","82"
"2013","padelaide","Gray, Robbie","7","8","6","6","1","2","3","1","-","-","84"
"2013","padelaide","Gray, Robbie","8","6","-","10","-","3","7","2","-","-","79"
"2013","padelaide","Gray, Robbie","9","13","2","10","2","2","4","-","-","1","81"
"2013","padelaide","Gray, Robbie","10","3","1","3","2","1","5","-","-","1","80"
"2013","padelaide","Gray, Robbie","12","4","3","3","1","-","1","-","-","-","35"
"2013","padelaide","Gray, Robbie","13","16","3","8","1","2","5","1","1","-","80"
"2013","padelaide","Gray, Robbie","14","13","9","7","1","-","1","-","-","1","82"
"2013","padelaide","Gray, Robbie","15","13","6","7","2","1","5","3","-","1","87"
"2013","padelaide","Gray, Robbie","16","11","2","8","-","1","3","1","-","1","88"
"2013","padelaide","Gray, Robbie","17","9","2","10","-","2","4","1","-","4","85"
"2013","padelaide","Gray, Robbie","18","4","1","8","1","3","7","-","-","2","82"
"2013","padelaide","Gray, Robbie","19","10","2","9","1","1","4","3","-","1","79"
"2013","padelaide","Gray, Robbie","20","13","4","11","2","1","1","-","-","-","78"
"2013","padelaide","Gray, Robbie","21","7","4","14","1","1","3","-","-","-","78"
"2013","padelaide","Gray, Robbie","22","19","6","9","1","3","5","1","-","-","84"
"2013","padelaide","Gray, Robbie","23","","","","","","","","","",""
"2013","padelaide","Gray, Robbie","EF","5","2","3","3","1","2","-","-","-","80"
"2013","padelaide","Gray, Robbie","SF","11","3","7","3","2","4","1","-","-","79"
"2013","padelaide","Hartlett, Hamish","1","17","5","12","2","1","2","2","-","-","75"
"2013","padelaide","Hartlett, Hamish","2","4","1","6","1","1","1","1","-","-","61"
"2013","padelaide","Hartlett, Hamish","3","19","6","9","-","-","3","-","-","2","77"
"2013","padelaide","Hartlett, Hamish","4","16","7","13","-","-","1","3","-","1","78"
"2013","padelaide","Hartlett, Hamish","5","18","4","5","-","2","6","2","-","2","73"
"2013","padelaide","Hartlett, Hamish","6","4","-","3","2","-","5","-","-","-","66"
"2013","padelaide","Hartlett, Hamish","7","8","1","2","1","-","2","-","-","1","74"
"2013","padelaide","Hartlett, Hamish","8","7","-","7","2","1","7","-","1","-","80"
"2013","padelaide","Hartlett, Hamish","9","18","4","3","-","1","2","-","-","-","82"
"2013","padelaide","Hartlett, Hamish","10","14","2","7","-","-","3","-","3","-","75"
"2013","padelaide","Hartlett, Hamish","12","12","4","15","1","1","4","1","1","-","73"
"2013","padelaide","Hartlett, Hamish","13","11","1","10","1","-","8","-","-","1","81"
"2013","padelaide","Hartlett, Hamish","14","14","6","9","-","1","3","-","-","-","84"
"2013","padelaide","Hartlett, Hamish","15","12","1","8","2","1","5","2","-","1","72"
"2013","padelaide","Hartlett, Hamish","16","5","-","7","3","1","5","-","-","2","83"
"2013","padelaide","Hartlett, Hamish","17","13","5","7","3","1","7","-","-","2","77"
"2013","padelaide","Hartlett, Hamish","18","16","5","10","-","1","4","-","-","3","79"
"2013","padelaide","Hartlett, Hamish","19","16","5","9","-","1","5","3","-","-","83"
"2013","padelaide","Hartlett, Hamish","20","9","2","7","1","1","8","1","-","3","88"
"2013","padelaide","Hartlett, Hamish","21","10","5","10","1","2","4","-","-","-","77"
"2013","padelaide","Hartlett, Hamish","22","","","","","","","","","",""
"2013","padelaide","Hartlett, Hamish","23","","","","","","","","","",""
"2013","padelaide","Hartlett, Hamish","EF","12","3","9","1","2","-","-","1","1","79"
"2013","padelaide","Hartlett, Hamish","SF","12","6","7","1","-","2","1","-","1","79"
"2013","padelaide","Heath, Campbell","1","9","6","1","1","-","2","1","-","-","93"
"2013","padelaide","Heath, Campbell","2","13","5","6","-","-","2","-","-","-","99"
"2013","padelaide","Heath, Campbell","3","9","4","3","1","3","1","-","-","-","90"
"2013","padelaide","Heath, Campbell","4","12","6","4","-","2","4","-","-","-","89"
"2013","padelaide","Heath, Campbell","5","13","1","3","-","1","5","-","-","-","84"
"2013","padelaide","Heath, Campbell","6","3","1","3","2","-","7","-","-","-","95"
"2013","padelaide","Heath, Campbell","7","4","3","4","-","-","1","-","-","-","45"
"2013","padelaide","Heath, Campbell","8","","","","","","","","","",""
"2013","padelaide","Heath, Campbell","9","10","3","3","1","-","1","-","-","-","87"
"2013","padelaide","Heath, Campbell","10","4","1","3","1","-","3","-","-","-","81"
"2013","padelaide","Heath, Campbell","12","","","","","","","","","",""
"2013","padelaide","Heath, Campbell","13","8","4","2","2","1","3","-","-","-","76"
"2013","padelaide","Heath, Campbell","14","","","","","","","","","",""
"2013","padelaide","Heath, Campbell","15","","","","","","","","","",""
"2013","padelaide","Heath, Campbell","16","","","","","","","","","",""
"2013","padelaide","Heath, Campbell","17","","","","","","","","","",""
"2013","padelaide","Heath, Campbell","18","","","","","","","","","",""
"2013","padelaide","Heath, Campbell","19","","","","","","","","","",""
"2013","padelaide","Heath, Campbell","20","","","","","","","","","",""
"2013","padelaide","Heath, Campbell","21","9","5","4","-","-","1","2","-","1","85"
"2013","padelaide","Heath, Campbell","22","4","1","5","1","3","4","-","-","1","93"
"2013","padelaide","Heath, Campbell","23","","","","","","","","","",""
"2013","padelaide","Heath, Campbell","EF","","","","","","","","","",""
"2013","padelaide","Heath, Campbell","SF","","","","","","","","","",""
"2013","padelaide","Hitchcock, Cameron","1","","","","","","","","","",""
"2013","padelaide","Hitchcock, Cameron","2","","","","","","","","","",""
"2013","padelaide","Hitchcock, Cameron","3","","","","","","","","","",""
"2013","padelaide","Hitchcock, Cameron","4","","","","","","","","","",""
"2013","padelaide","Hitchcock, Cameron","5","","","","","","","","","",""
"2013","padelaide","Hitchcock, Cameron","6","","","","","","","","","",""
"2013","padelaide","Hitchcock, Cameron","7","","","","","","","","","",""
"2013","padelaide","Hitchcock, Cameron","8","","","","","","","","","",""
"2013","padelaide","Hitchcock, Cameron","9","","","","","","","","","",""
"2013","padelaide","Hitchcock, Cameron","10","10","2","3","-","-","3","1","-","1","82"
"2013","padelaide","Hitchcock, Cameron","12","3","1","4","-","-","2","-","-","-","43"
"2013","padelaide","Hitchcock, Cameron","13","","","","","","","","","",""
"2013","padelaide","Hitchcock, Cameron","14","","","","","","","","","",""
"2013","padelaide","Hitchcock, Cameron","15","","","","","","","","","",""
"2013","padelaide","Hitchcock, Cameron","16","","","","","","","","","",""
"2013","padelaide","Hitchcock, Cameron","17","","","","","","","","","",""
"2013","padelaide","Hitchcock, Cameron","18","","","","","","","","","",""
"2013","padelaide","Hitchcock, Cameron","19","","","","","","","","","",""
"2013","padelaide","Hitchcock, Cameron","20","","","","","","","","","",""
"2013","padelaide","Hitchcock, Cameron","21","3","1","2","-","-","-","-","-","1","16"
"2013","padelaide","Hitchcock, Cameron","22","","","","","","","","","",""
"2013","padelaide","Hitchcock, Cameron","23","","","","","","","","","",""
"2013","padelaide","Hitchcock, Cameron","EF","","","","","","","","","",""
"2013","padelaide","Hitchcock, Cameron","SF","","","","","","","","","",""
"2013","padelaide","Hombsch, Jack","1","","","","","","","","","",""
"2013","padelaide","Hombsch, Jack","2","","","","","","","","","",""
"2013","padelaide","Hombsch, Jack","3","","","","","","","","","",""
"2013","padelaide","Hombsch, Jack","4","","","","","","","","","",""
"2013","padelaide","Hombsch, Jack","5","","","","","","","","","",""
"2013","padelaide","Hombsch, Jack","6","","","","","","","","","",""
"2013","padelaide","Hombsch, Jack","7","","","","","","","","","",""
"2013","padelaide","Hombsch, Jack","8","","","","","","","","","",""
"2013","padelaide","Hombsch, Jack","9","","","","","","","","","",""
"2013","padelaide","Hombsch, Jack","10","9","4","13","1","1","5","-","-","-","96"
"2013","padelaide","Hombsch, Jack","12","15","9","11","-","-","-","-","-","-","96"
"2013","padelaide","Hombsch, Jack","13","9","2","5","1","3","5","-","-","-","95"
"2013","padelaide","Hombsch, Jack","14","10","10","2","-","-","2","-","-","-","99"
"2013","padelaide","Hombsch, Jack","15","3","1","5","1","1","-","-","-","-","64"
"2013","padelaide","Hombsch, Jack","16","","","","","","","","","",""
"2013","padelaide","Hombsch, Jack","17","","","","","","","","","",""
"2013","padelaide","Hombsch, Jack","18","","","","","","","","","",""
"2013","padelaide","Hombsch, Jack","19","","","","","","","","","",""
"2013","padelaide","Hombsch, Jack","20","","","","","","","","","",""
"2013","padelaide","Hombsch, Jack","21","","","","","","","","","",""
"2013","padelaide","Hombsch, Jack","22","","","","","","","","","",""
"2013","padelaide","Hombsch, Jack","23","10","7","5","-","1","1","-","-","-","93"
"2013","padelaide","Hombsch, Jack","EF","","","","","","","","","",""
"2013","padelaide","Hombsch, Jack","SF","","","","","","","","","",""
"2013","padelaide","Jonas, Tom","1","5","1","6","-","1","-","-","-","-","96"
"2013","padelaide","Jonas, Tom","2","6","2","6","3","1","3","-","-","-","95"
"2013","padelaide","Jonas, Tom","3","4","2","10","1","3","2","-","-","-","97"
"2013","padelaide","Jonas, Tom","4","4","5","6","3","-","2","-","-","-","96"
"2013","padelaide","Jonas, Tom","5","5","2","9","1","1","4","-","-","-","94"
"2013","padelaide","Jonas, Tom","6","4","1","6","4","-","3","-","-","-","100"
"2013","padelaide","Jonas, Tom","7","5","4","10","1","-","2","-","-","-","97"
"2013","padelaide","Jonas, Tom","8","5","5","9","4","1","4","-","-","-","97"
"2013","padelaide","Jonas, Tom","9","8","4","8","-","-","3","-","-","-","94"
"2013","padelaide","Jonas, Tom","10","9","4","7","2","2","3","-","-","-","97"
"2013","padelaide","Jonas, Tom","12","7","3","10","2","1","1","-","-","-","92"
"2013","padelaide","Jonas, Tom","13","7","3","5","1","-","2","-","-","-","93"
"2013","padelaide","Jonas, Tom","14","9","5","7","1","1","4","-","-","-","91"
"2013","padelaide","Jonas, Tom","15","3","-","5","1","-","4","-","-","-","93"
"2013","padelaide","Jonas, Tom","16","8","2","7","1","1","3","-","-","-","84"
"2013","padelaide","Jonas, Tom","17","8","3","-","1","-","4","-","-","-","94"
"2013","padelaide","Jonas, Tom","18","","","","","","","","","",""
"2013","padelaide","Jonas, Tom","19","","","","","","","","","",""
"2013","padelaide","Jonas, Tom","20","","","","","","","","","",""
"2013","padelaide","Jonas, Tom","21","4","1","4","1","-","-","-","-","-","94"
"2013","padelaide","Jonas, Tom","22","7","3","8","1","-","1","-","-","1","91"
"2013","padelaide","Jonas, Tom","23","2","3","5","1","-","2","-","-","-","92"
"2013","padelaide","Jonas, Tom","EF","7","8","9","-","-","1","-","-","-","93"
"2013","padelaide","Jonas, Tom","SF","8","5","3","-","-","1","-","-","-","91"
"2013","padelaide","Lobbe, Matthew","1","6","7","9","2","-","2","-","11","-","72"
"2013","padelaide","Lobbe, Matthew","2","3","5","8","3","-","1","-","11","-","79"
"2013","padelaide","Lobbe, Matthew","3","3","2","9","3","-","4","-","24","-","78"
"2013","padelaide","Lobbe, Matthew","4","3","2","6","-","-","-","-","16","-","67"
"2013","padelaide","Lobbe, Matthew","5","7","4","9","2","1","1","-","13","-","68"
"2013","padelaide","Lobbe, Matthew","6","4","3","6","1","1","2","1","17","-","77"
"2013","padelaide","Lobbe, Matthew","7","","","","","","","","","",""
"2013","padelaide","Lobbe, Matthew","8","2","3","7","-","1","2","-","20","-","88"
"2013","padelaide","Lobbe, Matthew","9","","","","","","","","","",""
"2013","padelaide","Lobbe, Matthew","10","","","","","","","","","",""
"2013","padelaide","Lobbe, Matthew","12","8","2","4","2","-","3","-","34","-","88"
"2013","padelaide","Lobbe, Matthew","13","5","2","4","2","2","11","-","37","-","93"
"2013","padelaide","Lobbe, Matthew","14","3","-","5","-","-","7","-","23","-","87"
"2013","padelaide","Lobbe, Matthew","15","4","-","8","3","-","5","-","42","-","93"
"2013","padelaide","Lobbe, Matthew","16","6","-","2","-","3","6","-","25","-","90"
"2013","padelaide","Lobbe, Matthew","17","10","5","7","1","1","7","1","40","-","93"
"2013","padelaide","Lobbe, Matthew","18","4","3","4","-","-","6","-","21","-","83"
"2013","padelaide","Lobbe, Matthew","19","10","1","5","2","-","2","-","32","-","91"
"2013","padelaide","Lobbe, Matthew","20","8","5","9","1","2","6","1","59","-","92"
"2013","padelaide","Lobbe, Matthew","21","7","3","4","3","1","3","-","42","-","90"
"2013","padelaide","Lobbe, Matthew","22","8","1","6","3","2","15","-","43","1","92"
"2013","padelaide","Lobbe, Matthew","23","4","3","7","-","1","5","-","21","1","91"
"2013","padelaide","Lobbe, Matthew","EF","8","5","6","3","4","6","-","29","-","88"
"2013","padelaide","Lobbe, Matthew","SF","4","1","5","2","1","9","1","28","-","93"
"2013","padelaide","Logan, Tom","1","","","","","","","","","",""
"2013","padelaide","Logan, Tom","2","","","","","","","","","",""
"2013","padelaide","Logan, Tom","3","","","","","","","","","",""
"2013","padelaide","Logan, Tom","4","","","","","","","","","",""
"2013","padelaide","Logan, Tom","5","","","","","","","","","",""
"2013","padelaide","Logan, Tom","6","","","","","","","","","",""
"2013","padelaide","Logan, Tom","7","","","","","","","","","",""
"2013","padelaide","Logan, Tom","8","","","","","","","","","",""
"2013","padelaide","Logan, Tom","9","6","3","12","-","-","4","-","-","-","92"
"2013","padelaide","Logan, Tom","10","11","3","11","-","2","4","1","-","-","92"
"2013","padelaide","Logan, Tom","12","6","4","13","-","1","1","2","-","-","89"
"2013","padelaide","Logan, Tom","13","9","5","9","-","1","5","-","-","2","92"
"2013","padelaide","Logan, Tom","14","5","2","11","2","-","2","-","-","-","80"
"2013","padelaide","Logan, Tom","15","1","2","7","-","-","3","-","-","-","93"
"2013","padelaide","Logan, Tom","16","3","1","6","-","-","2","-","-","-","56"
"2013","padelaide","Logan, Tom","17","","","","","","","","","",""
"2013","padelaide","Logan, Tom","18","","","","","","","","","",""
"2013","padelaide","Logan, Tom","19","","","","","","","","","",""
"2013","padelaide","Logan, Tom","20","","","","","","","","","",""
"2013","padelaide","Logan, Tom","21","","","","","","","","","",""
"2013","padelaide","Logan, Tom","22","","","","","","","","","",""
"2013","padelaide","Logan, Tom","23","13","8","6","1","-","2","1","-","-","86"
"2013","padelaide","Logan, Tom","EF","14","10","10","-","-","3","-","-","-","84"
"2013","padelaide","Logan, Tom","SF","8","7","9","-","-","-","1","-","1","91"
"2013","padelaide","Mitchell, Kane","1","2","1","5","-","-","1","-","-","1","23"
"2013","padelaide","Mitchell, Kane","2","3","-","3","1","-","-","1","-","1","27"
"2013","padelaide","Mitchell, Kane","3","7","2","5","2","2","1","-","-","1","48"
"2013","padelaide","Mitchell, Kane","4","","","","","","","","","",""
"2013","padelaide","Mitchell, Kane","5","","","","","","","","","",""
"2013","padelaide","Mitchell, Kane","6","5","1","10","-","-","-","-","-","-","71"
"2013","padelaide","Mitchell, Kane","7","5","3","8","-","2","1","2","-","1","41"
"2013","padelaide","Mitchell, Kane","8","7","4","4","-","-","1","-","-","1","38"
"2013","padelaide","Mitchell, Kane","9","5","3","5","-","1","2","2","-","-","84"
"2013","padelaide","Mitchell, Kane","10","4","1","3","1","-","7","-","-","-","34"
"2013","padelaide","Mitchell, Kane","12","","","","","","","","","",""
"2013","padelaide","Mitchell, Kane","13","","","","","","","","","",""
"2013","padelaide","Mitchell, Kane","14","","","","","","","","","",""
"2013","padelaide","Mitchell, Kane","15","","","","","","","","","",""
"2013","padelaide","Mitchell, Kane","16","","","","","","","","","",""
"2013","padelaide","Mitchell, Kane","17","6","3","4","-","-","1","1","-","-","37"
"2013","padelaide","Mitchell, Kane","18","13","4","6","-","5","5","1","-","2","88"
"2013","padelaide","Mitchell, Kane","19","6","2","6","2","1","9","-","-","-","87"
"2013","padelaide","Mitchell, Kane","20","4","3","1","-","-","-","-","-","1","42"
"2013","padelaide","Mitchell, Kane","21","","","","","","","","","",""
"2013","padelaide","Mitchell, Kane","22","10","2","6","-","2","5","1","-","-","91"
"2013","padelaide","Mitchell, Kane","23","","","","","","","","","",""
"2013","padelaide","Mitchell, Kane","EF","","","","","","","","","",""
"2013","padelaide","Mitchell, Kane","SF","","","","","","","","","",""
"2013","padelaide","Monfries, Angus","1","11","3","7","-","3","3","3","1","3","64"
"2013","padelaide","Monfries, Angus","2","11","5","7","-","1","8","-","-","1","89"
"2013","padelaide","Monfries, Angus","3","13","4","9","1","3","2","2","-","1","82"
"2013","padelaide","Monfries, Angus","4","6","5","16","2","2","3","-","-","-","88"
"2013","padelaide","Monfries, Angus","5","7","1","5","-","4","3","2","-","2","87"
"2013","padelaide","Monfries, Angus","6","7","2","10","2","1","6","1","-","-","86"
"2013","padelaide","Monfries, Angus","7","7","5","8","-","-","3","1","-","-","79"
"2013","padelaide","Monfries, Angus","8","10","4","9","1","2","4","1","-","3","88"
"2013","padelaide","Monfries, Angus","9","9","6","11","2","1","2","1","-","2","83"
"2013","padelaide","Monfries, Angus","10","10","7","11","2","-","4","-","-","1","87"
"2013","padelaide","Monfries, Angus","12","13","1","17","1","1","2","3","-","-","84"
"2013","padelaide","Monfries, Angus","13","9","4","8","-","-","2","2","-","1","89"
"2013","padelaide","Monfries, Angus","14","7","2","7","-","2","4","2","-","1","83"
"2013","padelaide","Monfries, Angus","15","12","5","6","-","1","5","4","-","2","83"
"2013","padelaide","Monfries, Angus","16","10","4","5","-","2","1","2","-","-","91"
"2013","padelaide","Monfries, Angus","17","7","4","6","-","1","2","1","-","-","86"
"2013","padelaide","Monfries, Angus","18","8","3","9","-","-","4","1","-","-","88"
"2013","padelaide","Monfries, Angus","19","6","4","6","1","2","2","2","-","-","93"
"2013","padelaide","Monfries, Angus","20","12","8","7","-","1","1","7","-","-","89"
"2013","padelaide","Monfries, Angus","21","13","9","11","2","4","3","-","-","-","85"
"2013","padelaide","Monfries, Angus","22","8","5","9","-","-","2","1","-","1","91"
"2013","padelaide","Monfries, Angus","23","8","5","9","-","1","2","1","-","3","91"
"2013","padelaide","Monfries, Angus","EF","12","6","3","-","3","1","1","-","2","88"
"2013","padelaide","Monfries, Angus","SF","7","4","9","1","-","3","1","-","-","84"
"2013","padelaide","Moore, Andrew","1","4","3","5","1","-","3","1","-","-","73"
"2013","padelaide","Moore, Andrew","2","","","","","","","","","",""
"2013","padelaide","Moore, Andrew","3","","","","","","","","","",""
"2013","padelaide","Moore, Andrew","4","","","","","","","","","",""
"2013","padelaide","Moore, Andrew","5","","","","","","","","","",""
"2013","padelaide","Moore, Andrew","6","","","","","","","","","",""
"2013","padelaide","Moore, Andrew","7","9","3","4","2","-","2","1","-","-","70"
"2013","padelaide","Moore, Andrew","8","10","7","3","1","-","5","3","-","-","82"
"2013","padelaide","Moore, Andrew","9","6","4","2","1","-","3","-","-","-","47"
"2013","padelaide","Moore, Andrew","10","","","","","","","","","",""
"2013","padelaide","Moore, Andrew","12","","","","","","","","","",""
"2013","padelaide","Moore, Andrew","13","13","2","7","1","3","5","-","1","-","84"
"2013","padelaide","Moore, Andrew","14","9","3","16","-","-","6","-","-","-","85"
"2013","padelaide","Moore, Andrew","15","14","4","6","1","-","1","-","-","-","81"
"2013","padelaide","Moore, Andrew","16","8","3","9","2","-","4","-","1","-","74"
"2013","padelaide","Moore, Andrew","17","3","2","8","2","-","2","-","-","-","69"
"2013","padelaide","Moore, Andrew","18","11","2","14","1","-","3","1","-","-","84"
"2013","padelaide","Moore, Andrew","19","9","2","7","1","-","5","-","-","-","84"
"2013","padelaide","Moore, Andrew","20","7","2","5","-","3","6","1","-","1","77"
"2013","padelaide","Moore, Andrew","21","10","6","8","-","-","6","1","-","3","80"
"2013","padelaide","Moore, Andrew","22","11","2","9","1","1","6","1","-","-","81"
"2013","padelaide","Moore, Andrew","23","12","4","4","1","-","2","-","-","-","73"
"2013","padelaide","Moore, Andrew","EF","9","4","10","-","2","1","-","-","-","78"
"2013","padelaide","Moore, Andrew","SF","11","7","7","1","-","7","-","1","1","77"
"2013","padelaide","Neade, Jake","1","6","4","5","1","-","4","-","-","-","79"
"2013","padelaide","Neade, Jake","2","7","5","8","-","2","2","2","-","1","81"
"2013","padelaide","Neade, Jake","3","6","-","3","-","-","8","1","-","-","79"
"2013","padelaide","Neade, Jake","4","9","1","1","-","1","2","2","-","-","65"
"2013","padelaide","Neade, Jake","5","13","4","-","1","-","3","1","-","2","87"
"2013","padelaide","Neade, Jake","6","6","2","4","2","2","5","1","-","1","84"
"2013","padelaide","Neade, Jake","7","3","1","4","2","1","2","-","-","1","83"
"2013","padelaide","Neade, Jake","8","7","-","6","-","1","2","-","-","-","72"
"2013","padelaide","Neade, Jake","9","","","","","","","","","",""
"2013","padelaide","Neade, Jake","10","5","-","2","-","3","6","-","-","-","86"
"2013","padelaide","Neade, Jake","12","7","2","4","1","-","2","-","-","-","88"
"2013","padelaide","Neade, Jake","13","6","-","6","-","1","5","1","-","1","82"
"2013","padelaide","Neade, Jake","14","4","2","8","-","2","2","-","-","-","72"
"2013","padelaide","Neade, Jake","15","3","-","1","-","-","2","-","-","-","71"
"2013","padelaide","Neade, Jake","16","2","2","1","-","-","2","2","-","-","26"
"2013","padelaide","Neade, Jake","17","1","-","1","-","-","3","-","-","-","48"
"2013","padelaide","Neade, Jake","18","","","","","","","","","",""
"2013","padelaide","Neade, Jake","19","","","","","","","","","",""
"2013","padelaide","Neade, Jake","20","","","","","","","","","",""
"2013","padelaide","Neade, Jake","21","","","","","","","","","",""
"2013","padelaide","Neade, Jake","22","5","1","3","-","1","6","1","-","-","75"
"2013","padelaide","Neade, Jake","23","","","","","","","","","",""
"2013","padelaide","Neade, Jake","EF","","","","","","","","","",""
"2013","padelaide","Neade, Jake","SF","","","","","","","","","",""
"2013","padelaide","OShea, Cameron","1","10","4","5","3","1","4","-","-","-","88"
"2013","padelaide","OShea, Cameron","2","10","2","9","1","2","-","1","-","-","68"
"2013","padelaide","OShea, Cameron","3","9","5","6","1","-","4","-","-","-","87"
"2013","padelaide","OShea, Cameron","4","10","7","7","-","-","1","-","-","-","76"
"2013","padelaide","OShea, Cameron","5","13","4","10","-","-","4","-","-","1","86"
"2013","padelaide","OShea, Cameron","6","6","4","4","2","-","5","-","-","-","93"
"2013","padelaide","OShea, Cameron","7","9","6","3","-","2","3","-","-","-","95"
"2013","padelaide","OShea, Cameron","8","8","3","6","1","4","6","-","-","-","82"
"2013","padelaide","OShea, Cameron","9","4","3","12","3","1","3","-","-","-","85"
"2013","padelaide","OShea, Cameron","10","11","8","14","-","-","4","-","1","-","85"
"2013","padelaide","OShea, Cameron","12","9","4","21","-","1","4","2","1","-","87"
"2013","padelaide","OShea, Cameron","13","10","6","6","3","1","4","-","-","-","89"
"2013","padelaide","OShea, Cameron","14","11","7","8","-","-","3","-","-","1","89"
"2013","padelaide","OShea, Cameron","15","6","3","9","-","1","1","-","-","-","86"
"2013","padelaide","OShea, Cameron","16","10","3","7","1","2","6","-","1","-","89"
"2013","padelaide","OShea, Cameron","17","10","4","5","3","-","4","-","1","-","90"
"2013","padelaide","OShea, Cameron","18","11","8","10","1","1","3","-","-","-","92"
"2013","padelaide","OShea, Cameron","19","9","2","7","-","-","4","-","2","-","92"
"2013","padelaide","OShea, Cameron","20","14","7","6","1","-","1","-","-","-","91"
"2013","padelaide","OShea, Cameron","21","10","5","10","1","3","4","-","-","-","94"
"2013","padelaide","OShea, Cameron","22","3","-","11","2","1","4","-","-","-","90"
"2013","padelaide","OShea, Cameron","23","13","6","11","2","1","1","-","1","-","93"
"2013","padelaide","OShea, Cameron","EF","15","14","10","1","-","1","-","-","-","91"
"2013","padelaide","OShea, Cameron","SF","11","6","8","-","-","2","-","-","-","95"
"2013","padelaide","Pittard, Jasper","1","12","6","2","1","1","-","1","-","-","83"
"2013","padelaide","Pittard, Jasper","2","12","5","15","1","-","-","-","-","-","83"
"2013","padelaide","Pittard, Jasper","3","9","1","2","2","-","-","-","-","-","80"
"2013","padelaide","Pittard, Jasper","4","15","8","7","-","1","3","-","-","-","85"
"2013","padelaide","Pittard, Jasper","5","","","","","","","","","",""
"2013","padelaide","Pittard, Jasper","6","","","","","","","","","",""
"2013","padelaide","Pittard, Jasper","7","","","","","","","","","",""
"2013","padelaide","Pittard, Jasper","8","","","","","","","","","",""
"2013","padelaide","Pittard, Jasper","9","","","","","","","","","",""
"2013","padelaide","Pittard, Jasper","10","","","","","","","","","",""
"2013","padelaide","Pittard, Jasper","12","","","","","","","","","",""
"2013","padelaide","Pittard, Jasper","13","4","2","2","1","1","-","-","-","-","28"
"2013","padelaide","Pittard, Jasper","14","6","5","4","1","-","4","-","-","-","73"
"2013","padelaide","Pittard, Jasper","15","5","-","5","-","1","1","-","-","1","75"
"2013","padelaide","Pittard, Jasper","16","6","4","8","-","1","2","-","-","-","76"
"2013","padelaide","Pittard, Jasper","17","14","5","2","3","1","2","2","-","1","80"
"2013","padelaide","Pittard, Jasper","18","8","4","10","-","-","-","-","-","-","83"
"2013","padelaide","Pittard, Jasper","19","8","5","6","1","1","3","-","-","-","78"
"2013","padelaide","Pittard, Jasper","20","9","4","8","2","1","3","-","-","-","84"
"2013","padelaide","Pittard, Jasper","21","8","5","1","2","-","-","-","-","-","91"
"2013","padelaide","Pittard, Jasper","22","13","9","10","1","-","7","-","-","-","79"
"2013","padelaide","Pittard, Jasper","23","6","2","2","-","2","2","-","-","-","81"
"2013","padelaide","Pittard, Jasper","EF","12","6","3","-","-","3","-","-","-","73"
"2013","padelaide","Pittard, Jasper","SF","4","3","7","1","-","1","-","1","-","73"
"2013","padelaide","Redden, Jarrad","1","1","-","7","2","2","2","-","19","-","80"
"2013","padelaide","Redden, Jarrad","2","2","2","3","3","1","2","-","11","-","69"
"2013","padelaide","Redden, Jarrad","3","","","","","","","","","",""
"2013","padelaide","Redden, Jarrad","4","","","","","","","","","",""
"2013","padelaide","Redden, Jarrad","5","","","","","","","","","",""
"2013","padelaide","Redden, Jarrad","6","","","","","","","","","",""
"2013","padelaide","Redden, Jarrad","7","7","7","7","-","-","2","-","25","-","85"
"2013","padelaide","Redden, Jarrad","8","5","3","4","1","-","4","1","16","1","91"
"2013","padelaide","Redden, Jarrad","9","4","3","7","-","1","2","1","22","1","86"
"2013","padelaide","Redden, Jarrad","10","5","4","7","-","1","2","-","26","-","74"
"2013","padelaide","Redden, Jarrad","12","","","","","","","","","",""
"2013","padelaide","Redden, Jarrad","13","","","","","","","","","",""
"2013","padelaide","Redden, Jarrad","14","","","","","","","","","",""
"2013","padelaide","Redden, Jarrad","15","","","","","","","","","",""
"2013","padelaide","Redden, Jarrad","16","","","","","","","","","",""
"2013","padelaide","Redden, Jarrad","17","","","","","","","","","",""
"2013","padelaide","Redden, Jarrad","18","","","","","","","","","",""
"2013","padelaide","Redden, Jarrad","19","","","","","","","","","",""
"2013","padelaide","Redden, Jarrad","20","","","","","","","","","",""
"2013","padelaide","Redden, Jarrad","21","","","","","","","","","",""
"2013","padelaide","Redden, Jarrad","22","","","","","","","","","",""
"2013","padelaide","Redden, Jarrad","23","","","","","","","","","",""
"2013","padelaide","Redden, Jarrad","EF","","","","","","","","","",""
"2013","padelaide","Redden, Jarrad","SF","","","","","","","","","",""
"2013","padelaide","Renouf, Brent","1","","","","","","","","","",""
"2013","padelaide","Renouf, Brent","2","","","","","","","","","",""
"2013","padelaide","Renouf, Brent","3","4","3","4","3","-","2","-","22","-","65"
"2013","padelaide","Renouf, Brent","4","3","2","4","-","-","-","1","16","-","67"
"2013","padelaide","Renouf, Brent","5","3","2","8","3","-","3","-","15","-","68"
"2013","padelaide","Renouf, Brent","6","1","-","2","2","-","1","1","12","-","56"
"2013","padelaide","Renouf, Brent","7","","","","","","","","","",""
"2013","padelaide","Renouf, Brent","8","","","","","","","","","",""
"2013","padelaide","Renouf, Brent","9","","","","","","","","","",""
"2013","padelaide","Renouf, Brent","10","","","","","","","","","",""
"2013","padelaide","Renouf, Brent","12","","","","","","","","","",""
"2013","padelaide","Renouf, Brent","13","","","","","","","","","",""
"2013","padelaide","Renouf, Brent","14","","","","","","","","","",""
"2013","padelaide","Renouf, Brent","15","","","","","","","","","",""
"2013","padelaide","Renouf, Brent","16","","","","","","","","","",""
"2013","padelaide","Renouf, Brent","17","","","","","","","","","",""
"2013","padelaide","Renouf, Brent","18","","","","","","","","","",""
"2013","padelaide","Renouf, Brent","19","","","","","","","","","",""
"2013","padelaide","Renouf, Brent","20","","","","","","","","","",""
"2013","padelaide","Renouf, Brent","21","","","","","","","","","",""
"2013","padelaide","Renouf, Brent","22","","","","","","","","","",""
"2013","padelaide","Renouf, Brent","23","1","1","3","2","-","2","-","14","-","95"
"2013","padelaide","Renouf, Brent","EF","","","","","","","","","",""
"2013","padelaide","Renouf, Brent","SF","","","","","","","","","",""
"2013","padelaide","Schulz, Jay","1","12","6","8","1","1","5","4","-","-","96"
"2013","padelaide","Schulz, Jay","2","6","3","1","1","-","2","1","-","2","73"
"2013","padelaide","Schulz, Jay","3","4","4","5","1","-","1","1","-","1","100"
"2013","padelaide","Schulz, Jay","4","8","5","9","1","1","2","4","-","1","91"
"2013","padelaide","Schulz, Jay","5","8","1","4","2","3","2","-","-","2","100"
"2013","padelaide","Schulz, Jay","6","9","7","6","-","1","4","3","-","-","99"
"2013","padelaide","Schulz, Jay","7","11","7","6","1","2","1","3","-","1","100"
"2013","padelaide","Schulz, Jay","8","3","1","7","-","2","2","2","-","-","96"
"2013","padelaide","Schulz, Jay","9","11","5","5","2","-","1","3","-","1","96"
"2013","padelaide","Schulz, Jay","10","9","8","1","1","1","1","-","-","3","95"
"2013","padelaide","Schulz, Jay","12","12","11","7","-","2","3","3","-","1","94"
"2013","padelaide","Schulz, Jay","13","10","5","9","1","1","1","1","-","2","95"
"2013","padelaide","Schulz, Jay","14","10","7","7","-","1","2","3","-","1","95"
"2013","padelaide","Schulz, Jay","15","11","10","4","1","1","2","-","-","1","92"
"2013","padelaide","Schulz, Jay","16","11","5","7","4","2","-","1","-","-","93"
"2013","padelaide","Schulz, Jay","17","6","6","6","-","1","3","1","-","1","95"
"2013","padelaide","Schulz, Jay","18","12","9","9","2","2","2","2","1","-","95"
"2013","padelaide","Schulz, Jay","19","13","7","3","1","2","5","2","-","1","93"
"2013","padelaide","Schulz, Jay","20","9","7","6","1","-","2","2","-","1","92"
"2013","padelaide","Schulz, Jay","21","10","8","6","-","1","1","3","-","2","95"
"2013","padelaide","Schulz, Jay","22","6","6","2","-","-","2","1","-","-","94"
"2013","padelaide","Schulz, Jay","23","10","8","7","2","-","1","4","-","1","91"
"2013","padelaide","Schulz, Jay","EF","10","8","5","1","1","4","3","-","3","96"
"2013","padelaide","Schulz, Jay","SF","5","2","4","3","2","3","2","-","1","95"
"2013","padelaide","Stevenson, Lewis","1","12","4","7","-","-","3","-","-","-","92"
"2013","padelaide","Stevenson, Lewis","2","15","6","7","2","-","-","-","-","-","91"
"2013","padelaide","Stevenson, Lewis","3","7","2","8","1","-","-","-","-","-","91"
"2013","padelaide","Stevenson, Lewis","4","13","4","4","-","-","2","-","-","-","87"
"2013","padelaide","Stevenson, Lewis","5","12","5","9","-","1","3","-","-","-","94"
"2013","padelaide","Stevenson, Lewis","6","6","2","3","2","1","2","-","-","-","90"
"2013","padelaide","Stevenson, Lewis","7","6","1","6","-","1","3","-","-","-","96"
"2013","padelaide","Stevenson, Lewis","8","7","3","5","1","-","4","-","-","-","88"
"2013","padelaide","Stevenson, Lewis","9","","","","","","","","","",""
"2013","padelaide","Stevenson, Lewis","10","","","","","","","","","",""
"2013","padelaide","Stevenson, Lewis","12","","","","","","","","","",""
"2013","padelaide","Stevenson, Lewis","13","","","","","","","","","",""
"2013","padelaide","Stevenson, Lewis","14","","","","","","","","","",""
"2013","padelaide","Stevenson, Lewis","15","","","","","","","","","",""
"2013","padelaide","Stevenson, Lewis","16","","","","","","","","","",""
"2013","padelaide","Stevenson, Lewis","17","","","","","","","","","",""
"2013","padelaide","Stevenson, Lewis","18","","","","","","","","","",""
"2013","padelaide","Stevenson, Lewis","19","","","","","","","","","",""
"2013","padelaide","Stevenson, Lewis","20","","","","","","","","","",""
"2013","padelaide","Stevenson, Lewis","21","","","","","","","","","",""
"2013","padelaide","Stevenson, Lewis","22","","","","","","","","","",""
"2013","padelaide","Stevenson, Lewis","23","3","1","2","2","-","2","-","-","-","23"
"2013","padelaide","Stevenson, Lewis","EF","","","","","","","","","",""
"2013","padelaide","Stevenson, Lewis","SF","","","","","","","","","",""
"2013","padelaide","Stewart, Daniel","1","","","","","","","","","",""
"2013","padelaide","Stewart, Daniel","2","","","","","","","","","",""
"2013","padelaide","Stewart, Daniel","3","","","","","","","","","",""
"2013","padelaide","Stewart, Daniel","4","","","","","","","","","",""
"2013","padelaide","Stewart, Daniel","5","","","","","","","","","",""
"2013","padelaide","Stewart, Daniel","6","","","","","","","","","",""
"2013","padelaide","Stewart, Daniel","7","2","2","2","1","-","-","-","1","1","82"
"2013","padelaide","Stewart, Daniel","8","","","","","","","","","",""
"2013","padelaide","Stewart, Daniel","9","","","","","","","","","",""
"2013","padelaide","Stewart, Daniel","10","","","","","","","","","",""
"2013","padelaide","Stewart, Daniel","12","","","","","","","","","",""
"2013","padelaide","Stewart, Daniel","13","","","","","","","","","",""
"2013","padelaide","Stewart, Daniel","14","","","","","","","","","",""
"2013","padelaide","Stewart, Daniel","15","","","","","","","","","",""
"2013","padelaide","Stewart, Daniel","16","","","","","","","","","",""
"2013","padelaide","Stewart, Daniel","17","","","","","","","","","",""
"2013","padelaide","Stewart, Daniel","18","","","","","","","","","",""
"2013","padelaide","Stewart, Daniel","19","","","","","","","","","",""
"2013","padelaide","Stewart, Daniel","20","","","","","","","","","",""
"2013","padelaide","Stewart, Daniel","21","","","","","","","","","",""
"2013","padelaide","Stewart, Daniel","22","","","","","","","","","",""
"2013","padelaide","Stewart, Daniel","23","","","","","","","","","",""
"2013","padelaide","Stewart, Daniel","EF","","","","","","","","","",""
"2013","padelaide","Stewart, Daniel","SF","","","","","","","","","",""
"2013","padelaide","Stewart, Paul","1","8","5","7","-","-","1","3","-","2","94"
"2013","padelaide","Stewart, Paul","2","12","9","6","1","-","3","1","-","2","95"
"2013","padelaide","Stewart, Paul","3","1","-","3","-","2","2","-","-","-","33"
"2013","padelaide","Stewart, Paul","4","","","","","","","","","",""
"2013","padelaide","Stewart, Paul","5","6","4","5","-","2","3","1","1","-","90"
"2013","padelaide","Stewart, Paul","6","3","2","2","1","-","2","-","-","-","26"
"2013","padelaide","Stewart, Paul","7","","","","","","","","","",""
"2013","padelaide","Stewart, Paul","8","3","1","2","1","-","2","-","-","1","55"
"2013","padelaide","Stewart, Paul","9","","","","","","","","","",""
"2013","padelaide","Stewart, Paul","10","","","","","","","","","",""
"2013","padelaide","Stewart, Paul","12","11","7","7","1","-","3","-","-","-","83"
"2013","padelaide","Stewart, Paul","13","","","","","","","","","",""
"2013","padelaide","Stewart, Paul","14","","","","","","","","","",""
"2013","padelaide","Stewart, Paul","15","1","3","6","-","-","1","-","-","1","30"
"2013","padelaide","Stewart, Paul","16","2","2","15","1","1","3","-","-","-","86"
"2013","padelaide","Stewart, Paul","17","12","7","3","1","-","1","-","-","1","81"
"2013","padelaide","Stewart, Paul","18","11","4","6","-","-","3","-","-","1","85"
"2013","padelaide","Stewart, Paul","19","-","1","-","1","-","-","-","-","-","3"
"2013","padelaide","Stewart, Paul","20","","","","","","","","","",""
"2013","padelaide","Stewart, Paul","21","","","","","","","","","",""
"2013","padelaide","Stewart, Paul","22","","","","","","","","","",""
"2013","padelaide","Stewart, Paul","23","","","","","","","","","",""
"2013","padelaide","Stewart, Paul","EF","","","","","","","","","",""
"2013","padelaide","Stewart, Paul","SF","","","","","","","","","",""
"2013","padelaide","Thomas, Matt","1","","","","","","","","","",""
"2013","padelaide","Thomas, Matt","2","","","","","","","","","",""
"2013","padelaide","Thomas, Matt","3","","","","","","","","","",""
"2013","padelaide","Thomas, Matt","4","","","","","","","","","",""
"2013","padelaide","Thomas, Matt","5","","","","","","","","","",""
"2013","padelaide","Thomas, Matt","6","","","","","","","","","",""
"2013","padelaide","Thomas, Matt","7","","","","","","","","","",""
"2013","padelaide","Thomas, Matt","8","","","","","","","","","",""
"2013","padelaide","Thomas, Matt","9","6","3","12","1","-","3","2","-","-","84"
"2013","padelaide","Thomas, Matt","10","","","","","","","","","",""
"2013","padelaide","Thomas, Matt","12","5","3","12","-","-","4","-","-","1","81"
"2013","padelaide","Thomas, Matt","13","3","2","4","1","-","5","-","-","-","44"
"2013","padelaide","Thomas, Matt","14","","","","","","","","","",""
"2013","padelaide","Thomas, Matt","15","","","","","","","","","",""
"2013","padelaide","Thomas, Matt","16","4","4","17","2","-","2","1","1","-","74"
"2013","padelaide","Thomas, Matt","17","","","","","","","","","",""
"2013","padelaide","Thomas, Matt","18","","","","","","","","","",""
"2013","padelaide","Thomas, Matt","19","","","","","","","","","",""
"2013","padelaide","Thomas, Matt","20","","","","","","","","","",""
"2013","padelaide","Thomas, Matt","21","","","","","","","","","",""
"2013","padelaide","Thomas, Matt","22","","","","","","","","","",""
"2013","padelaide","Thomas, Matt","23","","","","","","","","","",""
"2013","padelaide","Thomas, Matt","EF","","","","","","","","","",""
"2013","padelaide","Thomas, Matt","SF","","","","","","","","","",""
"2013","padelaide","Trengove, Jackson","1","6","3","8","2","-","2","-","1","-","90"
"2013","padelaide","Trengove, Jackson","2","8","3","6","2","3","1","-","1","-","95"
"2013","padelaide","Trengove, Jackson","3","3","1","6","3","4","2","-","-","-","99"
"2013","padelaide","Trengove, Jackson","4","6","4","7","-","1","4","-","-","-","97"
"2013","padelaide","Trengove, Jackson","5","2","1","5","-","-","3","-","-","-","58"
"2013","padelaide","Trengove, Jackson","6","","","","","","","","","",""
"2013","padelaide","Trengove, Jackson","7","","","","","","","","","",""
"2013","padelaide","Trengove, Jackson","8","","","","","","","","","",""
"2013","padelaide","Trengove, Jackson","9","","","","","","","","","",""
"2013","padelaide","Trengove, Jackson","10","","","","","","","","","",""
"2013","padelaide","Trengove, Jackson","12","","","","","","","","","",""
"2013","padelaide","Trengove, Jackson","13","","","","","","","","","",""
"2013","padelaide","Trengove, Jackson","14","7","4","9","2","1","2","-","3","-","85"
"2013","padelaide","Trengove, Jackson","15","8","3","5","1","1","1","1","2","1","90"
"2013","padelaide","Trengove, Jackson","16","7","3","6","1","1","-","-","3","-","93"
"2013","padelaide","Trengove, Jackson","17","2","2","7","-","1","4","-","-","-","96"
"2013","padelaide","Trengove, Jackson","18","3","2","5","-","1","5","-","-","-","92"
"2013","padelaide","Trengove, Jackson","19","5","3","10","-","-","2","-","5","-","96"
"2013","padelaide","Trengove, Jackson","20","3","2","8","1","-","1","-","-","-","94"
"2013","padelaide","Trengove, Jackson","21","8","7","11","2","1","4","-","2","-","90"
"2013","padelaide","Trengove, Jackson","22","4","3","3","4","1","1","-","1","-","89"
"2013","padelaide","Trengove, Jackson","23","5","3","9","-","1","1","-","-","-","95"
"2013","padelaide","Trengove, Jackson","EF","4","3","1","-","-","1","-","5","-","92"
"2013","padelaide","Trengove, Jackson","SF","4","3","8","-","3","1","-","-","-","94"
"2013","padelaide","Westhoff, Justin","1","13","9","6","-","-","3","1","-","4","95"
"2013","padelaide","Westhoff, Justin","2","20","14","5","2","2","3","5","2","2","89"
"2013","padelaide","Westhoff, Justin","3","15","8","9","-","1","6","4","-","4","94"
"2013","padelaide","Westhoff, Justin","4","15","11","5","1","3","3","3","-","3","91"
"2013","padelaide","Westhoff, Justin","5","8","2","5","1","1","1","-","2","1","91"
"2013","padelaide","Westhoff, Justin","6","5","3","6","2","-","-","-","1","2","90"
"2013","padelaide","Westhoff, Justin","7","10","2","5","1","1","2","-","5","1","90"
"2013","padelaide","Westhoff, Justin","8","8","4","11","-","3","1","1","2","-","93"
"2013","padelaide","Westhoff, Justin","9","10","7","9","1","1","4","-","8","1","86"
"2013","padelaide","Westhoff, Justin","10","8","4","10","-","-","10","1","7","1","84"
"2013","padelaide","Westhoff, Justin","12","6","4","9","1","-","3","1","5","-","82"
"2013","padelaide","Westhoff, Justin","13","16","4","5","-","1","4","1","4","1","90"
"2013","padelaide","Westhoff, Justin","14","12","7","8","-","-","1","3","1","-","87"
"2013","padelaide","Westhoff, Justin","15","11","6","6","-","1","1","-","2","2","85"
"2013","padelaide","Westhoff, Justin","16","","","","","","","","","",""
"2013","padelaide","Westhoff, Justin","17","9","7","9","1","-","3","2","2","1","92"
"2013","padelaide","Westhoff, Justin","18","9","3","7","1","2","4","1","8","1","90"
"2013","padelaide","Westhoff, Justin","19","6","3","5","1","-","1","-","3","-","98"
"2013","padelaide","Westhoff, Justin","20","15","10","5","1","-","6","-","5","-","83"
"2013","padelaide","Westhoff, Justin","21","9","5","4","1","-","3","2","1","1","87"
"2013","padelaide","Westhoff, Justin","22","11","6","11","-","1","2","-","2","-","91"
"2013","padelaide","Westhoff, Justin","23","14","6","7","1","2","3","2","-","-","86"
"2013","padelaide","Westhoff, Justin","EF","7","6","3","2","-","4","1","-","1","97"
"2013","padelaide","Westhoff, Justin","SF","16","5","3","1","2","4","3","2","-","92"
"2013","padelaide","Wines, Ollie","1","12","7","12","2","5","3","1","-","1","71"
"2013","padelaide","Wines, Ollie","2","9","5","10","1","-","5","-","1","1","76"
"2013","padelaide","Wines, Ollie","3","17","9","8","1","3","5","2","-","-","71"
"2013","padelaide","Wines, Ollie","4","16","8","9","1","2","3","-","-","-","76"
"2013","padelaide","Wines, Ollie","5","6","3","16","1","-","4","-","-","-","79"
"2013","padelaide","Wines, Ollie","6","8","2","10","3","1","6","1","-","-","64"
"2013","padelaide","Wines, Ollie","7","7","2","10","2","1","3","-","-","-","74"
"2013","padelaide","Wines, Ollie","8","7","4","11","3","3","5","-","-","-","74"
"2013","padelaide","Wines, Ollie","9","10","2","11","1","1","2","-","-","1","75"
"2013","padelaide","Wines, Ollie","10","9","1","9","2","-","4","-","-","1","73"
"2013","padelaide","Wines, Ollie","12","10","2","14","1","-","3","-","1","2","77"
"2013","padelaide","Wines, Ollie","13","14","2","6","1","-","1","-","1","-","67"
"2013","padelaide","Wines, Ollie","14","13","4","13","-","4","5","1","1","-","55"
"2013","padelaide","Wines, Ollie","15","9","4","15","2","-","6","-","1","2","75"
"2013","padelaide","Wines, Ollie","16","4","2","11","-","1","5","-","-","-","66"
"2013","padelaide","Wines, Ollie","17","4","-","4","-","1","3","-","1","-","72"
"2013","padelaide","Wines, Ollie","18","11","5","9","-","1","5","1","-","-","65"
"2013","padelaide","Wines, Ollie","19","6","2","5","1","-","7","-","3","-","74"
"2013","padelaide","Wines, Ollie","20","6","3","6","1","2","3","-","-","-","71"
"2013","padelaide","Wines, Ollie","21","7","-","8","-","2","1","-","-","1","59"
"2013","padelaide","Wines, Ollie","22","9","2","12","-","1","6","-","-","-","65"
"2013","padelaide","Wines, Ollie","23","5","5","11","-","1","5","-","-","-","70"
"2013","padelaide","Wines, Ollie","EF","9","4","9","2","1","3","2","-","-","72"
"2013","padelaide","Wines, Ollie","SF","7","2","7","1","-","-","-","1","1","72"
"2013","padelaide","Wingard, Chad","1","13","4","7","2","1","1","1","-","1","83"
"2013","padelaide","Wingard, Chad","2","16","7","6","-","2","1","3","-","2","90"
"2013","padelaide","Wingard, Chad","3","10","6","15","1","1","2","3","-","-","90"
"2013","padelaide","Wingard, Chad","4","10","4","6","1","-","2","3","-","-","92"
"2013","padelaide","Wingard, Chad","5","12","2","13","-","1","3","2","-","1","94"
"2013","padelaide","Wingard, Chad","6","12","4","10","2","-","1","2","-","1","92"
"2013","padelaide","Wingard, Chad","7","8","5","10","1","2","-","1","-","2","85"
"2013","padelaide","Wingard, Chad","8","15","4","7","1","-","-","1","1","-","83"
"2013","padelaide","Wingard, Chad","9","13","8","13","-","1","3","-","-","3","84"
"2013","padelaide","Wingard, Chad","10","18","2","4","1","-","7","2","-","1","90"
"2013","padelaide","Wingard, Chad","12","18","2","13","-","1","5","1","-","1","82"
"2013","padelaide","Wingard, Chad","13","17","4","3","1","1","4","3","-","-","93"
"2013","padelaide","Wingard, Chad","14","13","2","8","-","1","3","2","-","2","90"
"2013","padelaide","Wingard, Chad","15","13","7","4","-","1","1","2","-","-","98"
"2013","padelaide","Wingard, Chad","16","12","2","10","3","1","2","1","-","-","92"
"2013","padelaide","Wingard, Chad","17","14","9","8","-","1","2","2","1","1","88"
"2013","padelaide","Wingard, Chad","18","13","1","9","-","1","1","1","-","2","89"
"2013","padelaide","Wingard, Chad","19","15","6","9","2","1","-","5","-","-","87"
"2013","padelaide","Wingard, Chad","20","12","2","9","1","-","-","1","-","-","91"
"2013","padelaide","Wingard, Chad","21","13","7","6","-","-","2","2","-","1","89"
"2013","padelaide","Wingard, Chad","22","11","5","9","-","2","1","1","-","-","59"
"2013","padelaide","Wingard, Chad","23","10","2","4","1","1","4","1","-","1","87"
"2013","padelaide","Wingard, Chad","EF","12","7","7","-","-","-","3","-","1","86"
"2013","padelaide","Wingard, Chad","SF","9","2","10","-","1","2","-","-","-","85"
"2013","padelaide","Young, Aaron","1","","","","","","","","","",""
"2013","padelaide","Young, Aaron","2","","","","","","","","","",""
"2013","padelaide","Young, Aaron","3","","","","","","","","","",""
"2013","padelaide","Young, Aaron","4","","","","","","","","","",""
"2013","padelaide","Young, Aaron","5","","","","","","","","","",""
"2013","padelaide","Young, Aaron","6","","","","","","","","","",""
"2013","padelaide","Young, Aaron","7","","","","","","","","","",""
"2013","padelaide","Young, Aaron","8","","","","","","","","","",""
"2013","padelaide","Young, Aaron","9","","","","","","","","","",""
"2013","padelaide","Young, Aaron","10","","","","","","","","","",""
"2013","padelaide","Young, Aaron","12","","","","","","","","","",""
"2013","padelaide","Young, Aaron","13","","","","","","","","","",""
"2013","padelaide","Young, Aaron","14","","","","","","","","","",""
"2013","padelaide","Young, Aaron","15","","","","","","","","","",""
"2013","padelaide","Young, Aaron","16","","","","","","","","","",""
"2013","padelaide","Young, Aaron","17","","","","","","","","","",""
"2013","padelaide","Young, Aaron","18","","","","","","","","","",""
"2013","padelaide","Young, Aaron","19","","","","","","","","","",""
"2013","padelaide","Young, Aaron","20","","","","","","","","","",""
"2013","padelaide","Young, Aaron","21","6","5","10","2","-","1","1","-","1","72"
"2013","padelaide","Young, Aaron","22","4","3","6","2","-","1","1","-","-","31"
"2013","padelaide","Young, Aaron","23","8","7","10","-","-","2","1","-","1","73"
"2013","padelaide","Young, Aaron","EF","7","6","6","-","-","3","-","1","-","32"
"2013","padelaide","Young, Aaron","SF","-","-","3","1","-","-","-","-","-","25"
